herb,drug,drug_class,source_pmid,trigger_matched,trigger_group,negated,confidence,priority_tier,evidence_sentence,verdict,notes
Giloy,Insulin,AD,37315995,antagonistic,antagonism,False,auto_extracted,priority,"Hyperandrogenism, insulin resistance, and estrogen dominance are the prime defining traits of women with polycystic ovarian syndrome which disrupts hormonal, adrenal, or ovarian functions resulting in impaired folliculogenesis and excess androgen production. The purpose of this study is to identify an appropriate bioactive antagonistic ligand from isoquinoline alkaloids [palmatine (PAL), jatrorrhizine (JAT), magnoflorine (MAG) and berberine (BBR)] from stems of Tinospora cordifolia. Phytocomponents inhibit/prevent androgenic, estrogenic, and steroidogenic receptors, insulin binding, and resultant hyperandrogenism.",unclear,
Licorice,Warfarin,AC,10675182,increased risk of,risk_increase,False,auto_extracted,priority,"Concurrent use of herbs may mimic, magnify, or oppose the effect of drugs. Plausible cases of herb-drug interactions include: bleeding when warfarin is combined with ginkgo (Ginkgo biloba), garlic (Allium sativum), dong quai (Angelica sinensis), or danshen (Salvia miltiorrhiza); mild serotonin syndrome in patients who mix St John's wort (Hypericum perforatum) with serotonin-reuptake inhibitors; decreased bioavailability of digoxin, theophylline, cyclosporin, and phenprocoumon when these drugs are combined with St John's wort; induction of mania in depressed patients who mix antidepressants and Panax ginseng; exacerbation of extrapyramidal effects with neuroleptic drugs and betel nut (Areca catechu); increased risk of hypertension when tricyclic antidepressants are combined with yohimbine (Pausinystalia yohimbe); potentiation of oral and topical corticosteroids by liquorice (Glycyrrhiza glabra); decreased blood concentrations of prednisolone when taken with the Chinese herbal product xaio chai hu tang (sho-salko-to); and decreased concentrations of phenytoin when combined with the Ayurvedic syrup shankhapushpi. Anthranoid-containing plants (including senna [Cassia senna] and cascara [Rhamnus purshiana]) and soluble fibres (including guar gum and psyllium) can decrease the absorption of drugs.",rejected,
Ashwagandha,Insulin,AD,41694471,increased risk of,risk_increase,False,auto_extracted,priority,"latilobum (Maxim.) Kitamura by regulating lipid metabolism and insulin signaling in 3T3-L1 adipocytes. Obesity is a complex metabolic disorder characterized by excessive adipose tissue accumulation, dysregulated lipid metabolism, and insulin resistance, leading to an increased risk of metabolic disease. While Withania somnifera (AS) and Chrysanthemum zawadskii Herbich var. latilobum (Maxim.) Kitamura (C) have traditionally been used for their metabolic regulatory properties, their combined effects on adipogenesis, lipogenesis, lipolysis, and insulin signaling remain unexplored.",rejected,
Licorice,Digoxin,CVS,10675182,increased risk of,risk_increase,False,auto_extracted,priority,"Concurrent use of herbs may mimic, magnify, or oppose the effect of drugs. Plausible cases of herb-drug interactions include: bleeding when warfarin is combined with ginkgo (Ginkgo biloba), garlic (Allium sativum), dong quai (Angelica sinensis), or danshen (Salvia miltiorrhiza); mild serotonin syndrome in patients who mix St John's wort (Hypericum perforatum) with serotonin-reuptake inhibitors; decreased bioavailability of digoxin, theophylline, cyclosporin, and phenprocoumon when these drugs are combined with St John's wort; induction of mania in depressed patients who mix antidepressants and Panax ginseng; exacerbation of extrapyramidal effects with neuroleptic drugs and betel nut (Areca catechu); increased risk of hypertension when tricyclic antidepressants are combined with yohimbine (Pausinystalia yohimbe); potentiation of oral and topical corticosteroids by liquorice (Glycyrrhiza glabra); decreased blood concentrations of prednisolone when taken with the Chinese herbal product xaio chai hu tang (sho-salko-to); and decreased concentrations of phenytoin when combined with the Ayurvedic syrup shankhapushpi. Anthranoid-containing plants (including senna [Cassia senna] and cascara [Rhamnus purshiana]) and soluble fibres (including guar gum and psyllium) can decrease the absorption of drugs.",rejected,
Garlic,Warfarin,AC,10675182,increased risk of,risk_increase,False,auto_extracted,priority,"Concurrent use of herbs may mimic, magnify, or oppose the effect of drugs. Plausible cases of herb-drug interactions include: bleeding when warfarin is combined with ginkgo (Ginkgo biloba), garlic (Allium sativum), dong quai (Angelica sinensis), or danshen (Salvia miltiorrhiza); mild serotonin syndrome in patients who mix St John's wort (Hypericum perforatum) with serotonin-reuptake inhibitors; decreased bioavailability of digoxin, theophylline, cyclosporin, and phenprocoumon when these drugs are combined with St John's wort; induction of mania in depressed patients who mix antidepressants and Panax ginseng; exacerbation of extrapyramidal effects with neuroleptic drugs and betel nut (Areca catechu); increased risk of hypertension when tricyclic antidepressants are combined with yohimbine (Pausinystalia yohimbe); potentiation of oral and topical corticosteroids by liquorice (Glycyrrhiza glabra); decreased blood concentrations of prednisolone when taken with the Chinese herbal product xaio chai hu tang (sho-salko-to); and decreased concentrations of phenytoin when combined with the Ayurvedic syrup shankhapushpi. Anthranoid-containing plants (including senna [Cassia senna] and cascara [Rhamnus purshiana]) and soluble fibres (including guar gum and psyllium) can decrease the absorption of drugs.",confirmed,
Ashwagandha,Insulin,AD,40717151,increased risk of,risk_increase,False,auto_extracted,priority,"It is characterized by chronic hyperglycemia, insulin resistance, and systemic inflammation. T2DM is linked with an increased risk of terrible difficulties, including cardiovascular disease, neuropathy, and nephropathy. The developing proofs suggest that natural compounds such as Ashwagandha (Withania somnifera) may have therapeutic potential due to their anti-inflammatory, antioxidant, and glucose-regulating properties.",rejected,
Garlic,Digoxin,CVS,10675182,increased risk of,risk_increase,False,auto_extracted,priority,"Concurrent use of herbs may mimic, magnify, or oppose the effect of drugs. Plausible cases of herb-drug interactions include: bleeding when warfarin is combined with ginkgo (Ginkgo biloba), garlic (Allium sativum), dong quai (Angelica sinensis), or danshen (Salvia miltiorrhiza); mild serotonin syndrome in patients who mix St John's wort (Hypericum perforatum) with serotonin-reuptake inhibitors; decreased bioavailability of digoxin, theophylline, cyclosporin, and phenprocoumon when these drugs are combined with St John's wort; induction of mania in depressed patients who mix antidepressants and Panax ginseng; exacerbation of extrapyramidal effects with neuroleptic drugs and betel nut (Areca catechu); increased risk of hypertension when tricyclic antidepressants are combined with yohimbine (Pausinystalia yohimbe); potentiation of oral and topical corticosteroids by liquorice (Glycyrrhiza glabra); decreased blood concentrations of prednisolone when taken with the Chinese herbal product xaio chai hu tang (sho-salko-to); and decreased concentrations of phenytoin when combined with the Ayurvedic syrup shankhapushpi. Anthranoid-containing plants (including senna [Cassia senna] and cascara [Rhamnus purshiana]) and soluble fibres (including guar gum and psyllium) can decrease the absorption of drugs.",rejected,
Shankhpushpi,Warfarin,AC,10675182,increased risk of,risk_increase,False,auto_extracted,priority,"Concurrent use of herbs may mimic, magnify, or oppose the effect of drugs. Plausible cases of herb-drug interactions include: bleeding when warfarin is combined with ginkgo (Ginkgo biloba), garlic (Allium sativum), dong quai (Angelica sinensis), or danshen (Salvia miltiorrhiza); mild serotonin syndrome in patients who mix St John's wort (Hypericum perforatum) with serotonin-reuptake inhibitors; decreased bioavailability of digoxin, theophylline, cyclosporin, and phenprocoumon when these drugs are combined with St John's wort; induction of mania in depressed patients who mix antidepressants and Panax ginseng; exacerbation of extrapyramidal effects with neuroleptic drugs and betel nut (Areca catechu); increased risk of hypertension when tricyclic antidepressants are combined with yohimbine (Pausinystalia yohimbe); potentiation of oral and topical corticosteroids by liquorice (Glycyrrhiza glabra); decreased blood concentrations of prednisolone when taken with the Chinese herbal product xaio chai hu tang (sho-salko-to); and decreased concentrations of phenytoin when combined with the Ayurvedic syrup shankhapushpi. Anthranoid-containing plants (including senna [Cassia senna] and cascara [Rhamnus purshiana]) and soluble fibres (including guar gum and psyllium) can decrease the absorption of drugs.",rejected,
Ginger,Insulin,AD,41306340,increases the risk,risk_increase,False,auto_extracted,priority,"Herbal Combination of Angelica gigas, Zingiber officinale, and Aconitum carmichaeli Alleviates High Fat Diet-Induced Non-Alcoholic Fatty Liver Disease in Mice Through NRF2-Mediated Regulation of Adipogenesis and Non-Shivering Thermogenesis. Obesity is a complex metabolic disorder characterized by excessive fat accumulation and is closely associated with non-alcoholic fatty liver disease (NAFLD), a condition that increases the risk of metabolic complications such as insulin resistance, type 2 diabetes, and cardiovascular diseases. JI017 is a recently optimized multi-herbal formula composed of Angelica gigas, Zingiber officinale , and processed Aconitum carmichaeli.",rejected,
Shankhpushpi,Digoxin,CVS,10675182,increased risk of,risk_increase,False,auto_extracted,priority,"Concurrent use of herbs may mimic, magnify, or oppose the effect of drugs. Plausible cases of herb-drug interactions include: bleeding when warfarin is combined with ginkgo (Ginkgo biloba), garlic (Allium sativum), dong quai (Angelica sinensis), or danshen (Salvia miltiorrhiza); mild serotonin syndrome in patients who mix St John's wort (Hypericum perforatum) with serotonin-reuptake inhibitors; decreased bioavailability of digoxin, theophylline, cyclosporin, and phenprocoumon when these drugs are combined with St John's wort; induction of mania in depressed patients who mix antidepressants and Panax ginseng; exacerbation of extrapyramidal effects with neuroleptic drugs and betel nut (Areca catechu); increased risk of hypertension when tricyclic antidepressants are combined with yohimbine (Pausinystalia yohimbe); potentiation of oral and topical corticosteroids by liquorice (Glycyrrhiza glabra); decreased blood concentrations of prednisolone when taken with the Chinese herbal product xaio chai hu tang (sho-salko-to); and decreased concentrations of phenytoin when combined with the Ayurvedic syrup shankhapushpi. Anthranoid-containing plants (including senna [Cassia senna] and cascara [Rhamnus purshiana]) and soluble fibres (including guar gum and psyllium) can decrease the absorption of drugs.",rejected,
Ginger,Warfarin,AC,22292789,plasma concentration,pharmacokinetic,False,auto_extracted,priority,"Common herbal medicines that interact with drugs include St John's wort (Hypericum perforatum), ginkgo (Ginkgo biloba), ginger (Zingiber officinale), ginseng (Panax ginseng), and garlic (Allium sativum). For example, St John's wort significantly reduced the area under the plasma concentration-time curve (AUC) and blood concentrations of cyclosporine, midazolam, tacrolimus, amitriptyline, digoxin, indinavir, warfarin, phenprocoumon and theophylline. The common drugs that interact with herbal medicines include warfarin, midazolam, digoxin, amitriptyline, indinavir, cyclosporine, tacrolimus and irinotecan.",rejected,
Ginger,Digoxin,CVS,22292789,plasma concentration,pharmacokinetic,False,auto_extracted,priority,"Common herbal medicines that interact with drugs include St John's wort (Hypericum perforatum), ginkgo (Ginkgo biloba), ginger (Zingiber officinale), ginseng (Panax ginseng), and garlic (Allium sativum). For example, St John's wort significantly reduced the area under the plasma concentration-time curve (AUC) and blood concentrations of cyclosporine, midazolam, tacrolimus, amitriptyline, digoxin, indinavir, warfarin, phenprocoumon and theophylline. The common drugs that interact with herbal medicines include warfarin, midazolam, digoxin, amitriptyline, indinavir, cyclosporine, tacrolimus and irinotecan.",rejected,
Ginger,Warfarin,AC,21919844,cytochrome p450,pharmacokinetic,False,auto_extracted,priority,"Drugs that have a high potential to interact with herbal medicines usually have a narrow therapeutic index, including warfarin, digoxin, cyclosporine, tacrolimus, amitriptyline, midazolam, indinavir, and irinotecan. Many of them are substrates of cytochrome P450s (CYPs) and/or P-glycoprotein (P-gp). Herbal medicines that are reported to interact with drugs include garlic (Allium sativum), ginger (Zingiber officinale), ginkgo (Ginkgo biloba), ginseng (Panax ginseng), and St. John's wort (Hypericum perforatum).",rejected,
Ginger,Digoxin,CVS,21919844,cytochrome p450,pharmacokinetic,False,auto_extracted,priority,"Drugs that have a high potential to interact with herbal medicines usually have a narrow therapeutic index, including warfarin, digoxin, cyclosporine, tacrolimus, amitriptyline, midazolam, indinavir, and irinotecan. Many of them are substrates of cytochrome P450s (CYPs) and/or P-glycoprotein (P-gp). Herbal medicines that are reported to interact with drugs include garlic (Allium sativum), ginger (Zingiber officinale), ginkgo (Ginkgo biloba), ginseng (Panax ginseng), and St. John's wort (Hypericum perforatum).",rejected,
Ginger,Warfarin,AC,21919844,plasma concentration,pharmacokinetic,False,auto_extracted,priority,"Herbal medicines that are reported to interact with drugs include garlic (Allium sativum), ginger (Zingiber officinale), ginkgo (Ginkgo biloba), ginseng (Panax ginseng), and St. John's wort (Hypericum perforatum). For example, garlic has been shown to increase the clotting time and international normalized ratio (INR) of warfarin, cause hypoglycaemia when taken with chlorpropamide, and reduce the area under the plasma concentration-time curve (AUC) and maximum concentration of saquinavir in humans. Similarly, case reports have demonstrated that ginkgo may potentiate bleeding when combined with warfarin or aspirin, increases blood pressure when combined with thiazide diuretics, and has even led to a coma when combined with trazodone, a serotonin antagonist and reuptake inhibitor used to treat depression.",rejected,
Garlic,Digoxin,CVS,22292789,plasma concentration,pharmacokinetic,False,auto_extracted,priority,"Common herbal medicines that interact with drugs include St John's wort (Hypericum perforatum), ginkgo (Ginkgo biloba), ginger (Zingiber officinale), ginseng (Panax ginseng), and garlic (Allium sativum). For example, St John's wort significantly reduced the area under the plasma concentration-time curve (AUC) and blood concentrations of cyclosporine, midazolam, tacrolimus, amitriptyline, digoxin, indinavir, warfarin, phenprocoumon and theophylline. The common drugs that interact with herbal medicines include warfarin, midazolam, digoxin, amitriptyline, indinavir, cyclosporine, tacrolimus and irinotecan.",rejected,
Ginger,Aspirin,AC,21919844,plasma concentration,pharmacokinetic,False,auto_extracted,priority,"Herbal medicines that are reported to interact with drugs include garlic (Allium sativum), ginger (Zingiber officinale), ginkgo (Ginkgo biloba), ginseng (Panax ginseng), and St. John's wort (Hypericum perforatum). For example, garlic has been shown to increase the clotting time and international normalized ratio (INR) of warfarin, cause hypoglycaemia when taken with chlorpropamide, and reduce the area under the plasma concentration-time curve (AUC) and maximum concentration of saquinavir in humans. Similarly, case reports have demonstrated that ginkgo may potentiate bleeding when combined with warfarin or aspirin, increases blood pressure when combined with thiazide diuretics, and has even led to a coma when combined with trazodone, a serotonin antagonist and reuptake inhibitor used to treat depression.",rejected,
Garlic,Digoxin,CVS,21919844,cytochrome p450,pharmacokinetic,False,auto_extracted,priority,"Drugs that have a high potential to interact with herbal medicines usually have a narrow therapeutic index, including warfarin, digoxin, cyclosporine, tacrolimus, amitriptyline, midazolam, indinavir, and irinotecan. Many of them are substrates of cytochrome P450s (CYPs) and/or P-glycoprotein (P-gp). Herbal medicines that are reported to interact with drugs include garlic (Allium sativum), ginger (Zingiber officinale), ginkgo (Ginkgo biloba), ginseng (Panax ginseng), and St. John's wort (Hypericum perforatum).",rejected,
Garlic,Warfarin,AC,22292789,plasma concentration,pharmacokinetic,False,auto_extracted,priority,"Common herbal medicines that interact with drugs include St John's wort (Hypericum perforatum), ginkgo (Ginkgo biloba), ginger (Zingiber officinale), ginseng (Panax ginseng), and garlic (Allium sativum). For example, St John's wort significantly reduced the area under the plasma concentration-time curve (AUC) and blood concentrations of cyclosporine, midazolam, tacrolimus, amitriptyline, digoxin, indinavir, warfarin, phenprocoumon and theophylline. The common drugs that interact with herbal medicines include warfarin, midazolam, digoxin, amitriptyline, indinavir, cyclosporine, tacrolimus and irinotecan.",rejected,
Gymnema,Amlodipine,CVS,29042257,cyp3a4,pharmacokinetic,False,auto_extracted,priority,"In vivo pharmacokinetic interaction by ethanolic extract of Gymnema sylvestre with CYP2C9 (Tolbutamide), CYP3A4 (Amlodipine) and CYP1A2 (Phenacetin) in rats. Gymnema sylvestre (GS) is a medicinal herb used for diabetes mellitus (DM).",confirmed,
Garlic,Warfarin,AC,21919844,cytochrome p450,pharmacokinetic,False,auto_extracted,priority,"Drugs that have a high potential to interact with herbal medicines usually have a narrow therapeutic index, including warfarin, digoxin, cyclosporine, tacrolimus, amitriptyline, midazolam, indinavir, and irinotecan. Many of them are substrates of cytochrome P450s (CYPs) and/or P-glycoprotein (P-gp). Herbal medicines that are reported to interact with drugs include garlic (Allium sativum), ginger (Zingiber officinale), ginkgo (Ginkgo biloba), ginseng (Panax ginseng), and St. John's wort (Hypericum perforatum).",unclear,
Gymnema,Amlodipine,CVS,29042257,cyp2c9,pharmacokinetic,False,auto_extracted,priority,"In vivo pharmacokinetic interaction by ethanolic extract of Gymnema sylvestre with CYP2C9 (Tolbutamide), CYP3A4 (Amlodipine) and CYP1A2 (Phenacetin) in rats. Gymnema sylvestre (GS) is a medicinal herb used for diabetes mellitus (DM).",confirmed,
Garlic,Warfarin,AC,21919844,plasma concentration,pharmacokinetic,False,auto_extracted,priority,"Herbal medicines that are reported to interact with drugs include garlic (Allium sativum), ginger (Zingiber officinale), ginkgo (Ginkgo biloba), ginseng (Panax ginseng), and St. John's wort (Hypericum perforatum). For example, garlic has been shown to increase the clotting time and international normalized ratio (INR) of warfarin, cause hypoglycaemia when taken with chlorpropamide, and reduce the area under the plasma concentration-time curve (AUC) and maximum concentration of saquinavir in humans. Similarly, case reports have demonstrated that ginkgo may potentiate bleeding when combined with warfarin or aspirin, increases blood pressure when combined with thiazide diuretics, and has even led to a coma when combined with trazodone, a serotonin antagonist and reuptake inhibitor used to treat depression.",confirmed,
Black pepper,Digoxin,CVS,15916450,plasma concentration,pharmacokinetic,False,auto_extracted,priority,"Silybum marianum (milk thistle) decreased the trough concentrations of indinavir in humans. Piperine from black (Piper nigrum Linn) and long (P. longum Linn) peppers increased the AUC of phenytoin, propranolol and theophylline in healthy volunteers and plasma concentrations of rifamipicin (rifampin) in patients with pulmonary tuberculosis. Eleutheroccus senticosus (Siberian ginseng) increased the serum concentration of digoxin, but did not alter the pharmacokinetics of dextromethorphan and alprazolam in humans.",rejected,
Garlic,Warfarin,AC,19719333,plasma concentration,pharmacokinetic,False,auto_extracted,priority,"Kava (Piper methysticum) increases the clearance of chlorzoxazone (a CYP2E1 substrate) and may interact with alprazolam, levodopa and paroxetine. Garlic (Allium sativum) interacts with chlorpropamide, fluindione, ritonavir and warfarin; it also reduces plasma concentrations of chlorzoxazone (a CYP2E1 probe). Echinacea might affect the clearance of caffeine (a CYP1A2 probe) and midazolam (a CYP3A4 probe).",confirmed,
Garlic,Warfarin,AC,19719333,cyp3a4,pharmacokinetic,False,auto_extracted,priority,"Garlic (Allium sativum) interacts with chlorpropamide, fluindione, ritonavir and warfarin; it also reduces plasma concentrations of chlorzoxazone (a CYP2E1 probe). Echinacea might affect the clearance of caffeine (a CYP1A2 probe) and midazolam (a CYP3A4 probe). No interactions have been reported for saw palmetto (Serenoa repens).",confirmed,
Garlic,Aspirin,AC,21919844,plasma concentration,pharmacokinetic,False,auto_extracted,priority,"Herbal medicines that are reported to interact with drugs include garlic (Allium sativum), ginger (Zingiber officinale), ginkgo (Ginkgo biloba), ginseng (Panax ginseng), and St. John's wort (Hypericum perforatum). For example, garlic has been shown to increase the clotting time and international normalized ratio (INR) of warfarin, cause hypoglycaemia when taken with chlorpropamide, and reduce the area under the plasma concentration-time curve (AUC) and maximum concentration of saquinavir in humans. Similarly, case reports have demonstrated that ginkgo may potentiate bleeding when combined with warfarin or aspirin, increases blood pressure when combined with thiazide diuretics, and has even led to a coma when combined with trazodone, a serotonin antagonist and reuptake inhibitor used to treat depression.",rejected,
Pippali,Warfarin,AC,38807873,cytochrome p450,pharmacokinetic,False,auto_extracted,priority,"Warfarin, a widely prescribed anticoagulant, is highly effective for various coagulation disorders. However, its efficacy is limited by a narrow therapeutic index and frequent drug interactions, especially those involving metabolism by Cytochrome P450 (CYP450) enzymes. Piperine, found in black and long pepper, possesses blood-thinning properties and has been observed to inhibit CYP3A and CYP2C enzymes linked to warfarin metabolism.",confirmed,
Licorice,Warfarin,AC,10675182,potentiation,potentiation,False,auto_extracted,standard,"Concurrent use of herbs may mimic, magnify, or oppose the effect of drugs. Plausible cases of herb-drug interactions include: bleeding when warfarin is combined with ginkgo (Ginkgo biloba), garlic (Allium sativum), dong quai (Angelica sinensis), or danshen (Salvia miltiorrhiza); mild serotonin syndrome in patients who mix St John's wort (Hypericum perforatum) with serotonin-reuptake inhibitors; decreased bioavailability of digoxin, theophylline, cyclosporin, and phenprocoumon when these drugs are combined with St John's wort; induction of mania in depressed patients who mix antidepressants and Panax ginseng; exacerbation of extrapyramidal effects with neuroleptic drugs and betel nut (Areca catechu); increased risk of hypertension when tricyclic antidepressants are combined with yohimbine (Pausinystalia yohimbe); potentiation of oral and topical corticosteroids by liquorice (Glycyrrhiza glabra); decreased blood concentrations of prednisolone when taken with the Chinese herbal product xaio chai hu tang (sho-salko-to); and decreased concentrations of phenytoin when combined with the Ayurvedic syrup shankhapushpi. Anthranoid-containing plants (including senna [Cassia senna] and cascara [Rhamnus purshiana]) and soluble fibres (including guar gum and psyllium) can decrease the absorption of drugs.",rejected,
Ashwagandha,Insulin,AD,39347326,synergy,potentiation,False,auto_extracted,standard,"Evaluation of Lipid Profile Modulation by Berberis asiatica, Withania somnifera, and Their Synergy in Type 2 Diabetic Wistar Rats. Introduction Type 2 diabetes mellitus (T2DM) is a chronic metabolic disorder characterized by insulin resistance and hyperglycemia, leading to complications such as dyslipidemia, which increases cardiovascular risks.",rejected,
Licorice,Digoxin,CVS,10675182,potentiation,potentiation,False,auto_extracted,standard,"Concurrent use of herbs may mimic, magnify, or oppose the effect of drugs. Plausible cases of herb-drug interactions include: bleeding when warfarin is combined with ginkgo (Ginkgo biloba), garlic (Allium sativum), dong quai (Angelica sinensis), or danshen (Salvia miltiorrhiza); mild serotonin syndrome in patients who mix St John's wort (Hypericum perforatum) with serotonin-reuptake inhibitors; decreased bioavailability of digoxin, theophylline, cyclosporin, and phenprocoumon when these drugs are combined with St John's wort; induction of mania in depressed patients who mix antidepressants and Panax ginseng; exacerbation of extrapyramidal effects with neuroleptic drugs and betel nut (Areca catechu); increased risk of hypertension when tricyclic antidepressants are combined with yohimbine (Pausinystalia yohimbe); potentiation of oral and topical corticosteroids by liquorice (Glycyrrhiza glabra); decreased blood concentrations of prednisolone when taken with the Chinese herbal product xaio chai hu tang (sho-salko-to); and decreased concentrations of phenytoin when combined with the Ayurvedic syrup shankhapushpi. Anthranoid-containing plants (including senna [Cassia senna] and cascara [Rhamnus purshiana]) and soluble fibres (including guar gum and psyllium) can decrease the absorption of drugs.",rejected,
Garlic,Warfarin,AC,10675182,potentiation,potentiation,False,auto_extracted,standard,"Concurrent use of herbs may mimic, magnify, or oppose the effect of drugs. Plausible cases of herb-drug interactions include: bleeding when warfarin is combined with ginkgo (Ginkgo biloba), garlic (Allium sativum), dong quai (Angelica sinensis), or danshen (Salvia miltiorrhiza); mild serotonin syndrome in patients who mix St John's wort (Hypericum perforatum) with serotonin-reuptake inhibitors; decreased bioavailability of digoxin, theophylline, cyclosporin, and phenprocoumon when these drugs are combined with St John's wort; induction of mania in depressed patients who mix antidepressants and Panax ginseng; exacerbation of extrapyramidal effects with neuroleptic drugs and betel nut (Areca catechu); increased risk of hypertension when tricyclic antidepressants are combined with yohimbine (Pausinystalia yohimbe); potentiation of oral and topical corticosteroids by liquorice (Glycyrrhiza glabra); decreased blood concentrations of prednisolone when taken with the Chinese herbal product xaio chai hu tang (sho-salko-to); and decreased concentrations of phenytoin when combined with the Ayurvedic syrup shankhapushpi. Anthranoid-containing plants (including senna [Cassia senna] and cascara [Rhamnus purshiana]) and soluble fibres (including guar gum and psyllium) can decrease the absorption of drugs.",confirmed,
Turmeric,Insulin,AD,42523609,synergistic,potentiation,False,auto_extracted,standard,"Standardized curcumin formulations in type 2 diabetes mellitus: a precision adjunct strategy targeting bioavailability, glycemic control, and immunometabolic inflammation. Type 2 diabetes mellitus is increasingly conceptualized as an immunometabolic disorder in which hyperglycemia, insulin resistance, oxidative stress, and chronic low-grade inflammation interact synergistically to accelerate vascular and end-organ complications. Curcumin, the principal polyphenolic constituent of Curcuma longa, has attracted sustained scientific interest as an adjunct intervention given its putative effects on glycemic regulation, inflammatory signaling, and redox homeostasis.",rejected,
Garlic,Digoxin,CVS,10675182,potentiation,potentiation,False,auto_extracted,standard,"Concurrent use of herbs may mimic, magnify, or oppose the effect of drugs. Plausible cases of herb-drug interactions include: bleeding when warfarin is combined with ginkgo (Ginkgo biloba), garlic (Allium sativum), dong quai (Angelica sinensis), or danshen (Salvia miltiorrhiza); mild serotonin syndrome in patients who mix St John's wort (Hypericum perforatum) with serotonin-reuptake inhibitors; decreased bioavailability of digoxin, theophylline, cyclosporin, and phenprocoumon when these drugs are combined with St John's wort; induction of mania in depressed patients who mix antidepressants and Panax ginseng; exacerbation of extrapyramidal effects with neuroleptic drugs and betel nut (Areca catechu); increased risk of hypertension when tricyclic antidepressants are combined with yohimbine (Pausinystalia yohimbe); potentiation of oral and topical corticosteroids by liquorice (Glycyrrhiza glabra); decreased blood concentrations of prednisolone when taken with the Chinese herbal product xaio chai hu tang (sho-salko-to); and decreased concentrations of phenytoin when combined with the Ayurvedic syrup shankhapushpi. Anthranoid-containing plants (including senna [Cassia senna] and cascara [Rhamnus purshiana]) and soluble fibres (including guar gum and psyllium) can decrease the absorption of drugs.",rejected,
Shankhpushpi,Warfarin,AC,10675182,potentiation,potentiation,False,auto_extracted,standard,"Concurrent use of herbs may mimic, magnify, or oppose the effect of drugs. Plausible cases of herb-drug interactions include: bleeding when warfarin is combined with ginkgo (Ginkgo biloba), garlic (Allium sativum), dong quai (Angelica sinensis), or danshen (Salvia miltiorrhiza); mild serotonin syndrome in patients who mix St John's wort (Hypericum perforatum) with serotonin-reuptake inhibitors; decreased bioavailability of digoxin, theophylline, cyclosporin, and phenprocoumon when these drugs are combined with St John's wort; induction of mania in depressed patients who mix antidepressants and Panax ginseng; exacerbation of extrapyramidal effects with neuroleptic drugs and betel nut (Areca catechu); increased risk of hypertension when tricyclic antidepressants are combined with yohimbine (Pausinystalia yohimbe); potentiation of oral and topical corticosteroids by liquorice (Glycyrrhiza glabra); decreased blood concentrations of prednisolone when taken with the Chinese herbal product xaio chai hu tang (sho-salko-to); and decreased concentrations of phenytoin when combined with the Ayurvedic syrup shankhapushpi. Anthranoid-containing plants (including senna [Cassia senna] and cascara [Rhamnus purshiana]) and soluble fibres (including guar gum and psyllium) can decrease the absorption of drugs.",rejected,
Turmeric,Insulin,AD,39980351,synergy,potentiation,False,auto_extracted,standard,"Evaluation of polyherbal synergy against diabetes: in-vitro analysis. To evaluate the anti-diabetic properties of a polyherbal formulation consisting of Curcuma longa, Emblica officinalis, and Trigonella foenum-graecum through in-vitro assays, and investigate its synergistic effects on glucose metabolism, lipid metabolism, and insulin function.",rejected,
Shankhpushpi,Digoxin,CVS,10675182,potentiation,potentiation,False,auto_extracted,standard,"Concurrent use of herbs may mimic, magnify, or oppose the effect of drugs. Plausible cases of herb-drug interactions include: bleeding when warfarin is combined with ginkgo (Ginkgo biloba), garlic (Allium sativum), dong quai (Angelica sinensis), or danshen (Salvia miltiorrhiza); mild serotonin syndrome in patients who mix St John's wort (Hypericum perforatum) with serotonin-reuptake inhibitors; decreased bioavailability of digoxin, theophylline, cyclosporin, and phenprocoumon when these drugs are combined with St John's wort; induction of mania in depressed patients who mix antidepressants and Panax ginseng; exacerbation of extrapyramidal effects with neuroleptic drugs and betel nut (Areca catechu); increased risk of hypertension when tricyclic antidepressants are combined with yohimbine (Pausinystalia yohimbe); potentiation of oral and topical corticosteroids by liquorice (Glycyrrhiza glabra); decreased blood concentrations of prednisolone when taken with the Chinese herbal product xaio chai hu tang (sho-salko-to); and decreased concentrations of phenytoin when combined with the Ayurvedic syrup shankhapushpi. Anthranoid-containing plants (including senna [Cassia senna] and cascara [Rhamnus purshiana]) and soluble fibres (including guar gum and psyllium) can decrease the absorption of drugs.",rejected,
Turmeric,Insulin,AD,39980351,synergistic,potentiation,False,auto_extracted,standard,"Evaluation of polyherbal synergy against diabetes: in-vitro analysis. To evaluate the anti-diabetic properties of a polyherbal formulation consisting of Curcuma longa, Emblica officinalis, and Trigonella foenum-graecum through in-vitro assays, and investigate its synergistic effects on glucose metabolism, lipid metabolism, and insulin function. The polyherbal extract was prepared using methanol, water, and methanol-water as solvents.",rejected,
Amla,Insulin,AD,39980351,synergy,potentiation,False,auto_extracted,standard,"Evaluation of polyherbal synergy against diabetes: in-vitro analysis. To evaluate the anti-diabetic properties of a polyherbal formulation consisting of Curcuma longa, Emblica officinalis, and Trigonella foenum-graecum through in-vitro assays, and investigate its synergistic effects on glucose metabolism, lipid metabolism, and insulin function.",rejected,
Amla,Insulin,AD,39980351,synergistic,potentiation,False,auto_extracted,standard,"Evaluation of polyherbal synergy against diabetes: in-vitro analysis. To evaluate the anti-diabetic properties of a polyherbal formulation consisting of Curcuma longa, Emblica officinalis, and Trigonella foenum-graecum through in-vitro assays, and investigate its synergistic effects on glucose metabolism, lipid metabolism, and insulin function. The polyherbal extract was prepared using methanol, water, and methanol-water as solvents.",rejected,
Bibhitaki,Insulin,AD,19723351,potentiate,potentiation,False,auto_extracted,standard,"The aim of the present study was to investigate the efficacy and mode of action of Terminalia bellirica used traditionally for the treatment of diabetes in India. T. bellirica aqueous extract stimulated basal insulin output and potentiated glucose-stimulated insulin secretion concentration-dependently in the clonal pancreatic beta-cell line, BRIN-BD11 (P < 0.001). The insulin-secretory activity of the plant extract was abolished in the absence of extracellular Ca2+ and by inhibitors of cellular Ca2+ uptake, diazoxide and verapamil (P < 0.001; n 8).",unclear,
Ginger,Insulin,AD,28793909,potentiates,potentiation,False,auto_extracted,standard,"[6]-Gingerol, from Zingiber officinale, potentiates GLP-1 mediated glucose-stimulated insulin secretion pathway in pancreatic β-cells and increases RAB8/RAB10-regulated membrane presentation of GLUT4 transporters in skeletal muscle to improve hyperglycemia in Leprdb/db type 2 diabetic mice. [6]-Gingerol, a major component of Zingiber officinale, was previously reported to ameliorate hyperglycemia in type 2 diabetic mice.",rejected,
Ginger,Insulin,AD,28793909,potentiate,potentiation,False,auto_extracted,standard,"[6]-Gingerol, from Zingiber officinale, potentiates GLP-1 mediated glucose-stimulated insulin secretion pathway in pancreatic β-cells and increases RAB8/RAB10-regulated membrane presentation of GLUT4 transporters in skeletal muscle to improve hyperglycemia in Leprdb/db type 2 diabetic mice. [6]-Gingerol, a major component of Zingiber officinale, was previously reported to ameliorate hyperglycemia in type 2 diabetic mice.",rejected,
Garlic,Insulin,AD,23426539,synergistic,potentiation,False,auto_extracted,standard,"The dried bulbs of Allium sativum (Garlic) and leaves of Lagerstroemia speciosa (Banaba) are used as medicinal food for the treatment of diabetes and other ailments. The present study was undertaken to ascertain whether the combination of both garlic and banaba extract produces synergistic therapeutic effect in diabetic state. In the in vitro studies, the effect of standardized aqueous extract of Allium sativum (ASE), methanolic extract of Lagerstroemia speciosa (LSE) and their mixture (1:1 ratio), DIA-2 on insulin stimulated glucose uptake in 3T3-L1 cells, erythrocyte sorbitol accumulation and protein glycation were evaluated.",rejected,
Fenugreek,Insulin,AD,39980351,synergy,potentiation,False,auto_extracted,standard,"Evaluation of polyherbal synergy against diabetes: in-vitro analysis. To evaluate the anti-diabetic properties of a polyherbal formulation consisting of Curcuma longa, Emblica officinalis, and Trigonella foenum-graecum through in-vitro assays, and investigate its synergistic effects on glucose metabolism, lipid metabolism, and insulin function.",rejected,
Fenugreek,Insulin,AD,39980351,synergistic,potentiation,False,auto_extracted,standard,"Evaluation of polyherbal synergy against diabetes: in-vitro analysis. To evaluate the anti-diabetic properties of a polyherbal formulation consisting of Curcuma longa, Emblica officinalis, and Trigonella foenum-graecum through in-vitro assays, and investigate its synergistic effects on glucose metabolism, lipid metabolism, and insulin function. The polyherbal extract was prepared using methanol, water, and methanol-water as solvents.",rejected,
Fenugreek,Insulin,AD,33298044,potentiates,potentiation,False,auto_extracted,standard,"4-Hydroxyisoleucine (4-HIL) is an active ingredient extracted from Trigonella foenum-graecum L., a Chinese traditional herbal medicine, which exerts the efficacy of anti-obesity and anti-diabetes. We previously reported that 4-HIL potentiates anti-inflammatory and anti-insulin resistance effects through down-regulation of TNF-α and TNF-α converting enzyme (TACE) in 3 T3-L1 adipocytes and HepG2 cells. In the present study, we further investigate the effects and mechanisms of 4-HIL on obesity-induced inflammation in RAW264.7 macrophages and 3 T3-L1 adipocytes co-culture system.",rejected,
Fenugreek,Insulin,AD,33298044,potentiate,potentiation,False,auto_extracted,standard,"4-Hydroxyisoleucine (4-HIL) is an active ingredient extracted from Trigonella foenum-graecum L., a Chinese traditional herbal medicine, which exerts the efficacy of anti-obesity and anti-diabetes. We previously reported that 4-HIL potentiates anti-inflammatory and anti-insulin resistance effects through down-regulation of TNF-α and TNF-α converting enzyme (TACE) in 3 T3-L1 adipocytes and HepG2 cells. In the present study, we further investigate the effects and mechanisms of 4-HIL on obesity-induced inflammation in RAW264.7 macrophages and 3 T3-L1 adipocytes co-culture system.",rejected,
Karela,Insulin,AD,40306528,synergistic,potentiation,False,auto_extracted,standard,"Synergistic action of a Momordica charantia-abundant peptide with insulin regulates blood glucose metabolism in db/db mice via a novel second-hit mechanism on insulin receptor activation. Diabetes is a global health challenge, often managed with insulin therapy.",confirmed,
Karela,Insulin,AD,38500279,potentiation,potentiation,False,auto_extracted,standard,"A systematic literature search was conducted to identify relevant studies exploring the mechanisms of action, various formulations, and clinical outcomes of herbal nanoformulations in diabetes management. Herbal nanoformulations exert their anti-diabetic effects through multiple mechanisms, including enhanced bioavailability, improved tissue targeting, and potentiation of insulin signaling pathways. Various herbal ingredients, such as bitter melon, fenugreek, and Gymnema sylvestre, have been encapsulated into nanocarriers, like liposomes, polymeric nanoparticles, and solid lipid nanoparticles, to enhance their therapeutic potential.",rejected,
Karela,Insulin,AD,36641593,synergistic,potentiation,False,auto_extracted,standard,"Modulation of Insulin Resistance by Silybum marianum Leaves, and its Synergistic Efficacy with Gymnema sylvestre, Momordica charantia, Trigonella-foenum graecum Against Protein Tyrosine Phosphatase 1B. Prolonged insulin resistance is considered one of the reasons for Type 2 Diabetes Mellitus.",rejected,
Gymnema,Insulin,AD,38500279,potentiation,potentiation,False,auto_extracted,standard,"A systematic literature search was conducted to identify relevant studies exploring the mechanisms of action, various formulations, and clinical outcomes of herbal nanoformulations in diabetes management. Herbal nanoformulations exert their anti-diabetic effects through multiple mechanisms, including enhanced bioavailability, improved tissue targeting, and potentiation of insulin signaling pathways. Various herbal ingredients, such as bitter melon, fenugreek, and Gymnema sylvestre, have been encapsulated into nanocarriers, like liposomes, polymeric nanoparticles, and solid lipid nanoparticles, to enhance their therapeutic potential.",rejected,
Gymnema,Insulin,AD,36641593,synergistic,potentiation,False,auto_extracted,standard,"Modulation of Insulin Resistance by Silybum marianum Leaves, and its Synergistic Efficacy with Gymnema sylvestre, Momordica charantia, Trigonella-foenum graecum Against Protein Tyrosine Phosphatase 1B. Prolonged insulin resistance is considered one of the reasons for Type 2 Diabetes Mellitus.",rejected,
Moringa,Insulin,AD,36293262,synergistic,potentiation,False,auto_extracted,standard,"Ultrasonic-Cellulase Synergistic Extraction of Crude Polysaccharides from Moringa oleifera Leaves and Alleviation of Insulin Resistance in HepG2 Cells. Moringa oleifera leaves (MOL) are a new food resource, rich in functional factors.",rejected,
Licorice,Warfarin,AC,10675182,drug interaction,general_interaction,False,auto_extracted,standard,"Concurrent use of herbs may mimic, magnify, or oppose the effect of drugs. Plausible cases of herb-drug interactions include: bleeding when warfarin is combined with ginkgo (Ginkgo biloba), garlic (Allium sativum), dong quai (Angelica sinensis), or danshen (Salvia miltiorrhiza); mild serotonin syndrome in patients who mix St John's wort (Hypericum perforatum) with serotonin-reuptake inhibitors; decreased bioavailability of digoxin, theophylline, cyclosporin, and phenprocoumon when these drugs are combined with St John's wort; induction of mania in depressed patients who mix antidepressants and Panax ginseng; exacerbation of extrapyramidal effects with neuroleptic drugs and betel nut (Areca catechu); increased risk of hypertension when tricyclic antidepressants are combined with yohimbine (Pausinystalia yohimbe); potentiation of oral and topical corticosteroids by liquorice (Glycyrrhiza glabra); decreased blood concentrations of prednisolone when taken with the Chinese herbal product xaio chai hu tang (sho-salko-to); and decreased concentrations of phenytoin when combined with the Ayurvedic syrup shankhapushpi. Anthranoid-containing plants (including senna [Cassia senna] and cascara [Rhamnus purshiana]) and soluble fibres (including guar gum and psyllium) can decrease the absorption of drugs.",rejected,
Turmeric,Metformin,AD,29518605,drug interaction,general_interaction,False,auto_extracted,standard,"Herb-drug interaction of Nisha Amalaki and Curcuminoids with metformin in normal and diabetic condition: A disease system approach. Nisha Amalaki (NA), formulation with Curcuma longa Linn (Turmeric, Haridra, Nisha in Sanskrit; Family: Zingiberaceae) and Phyllanthus emblica Linn (Indian gooseberry, Amlaki in Sanskrit; Family: Phyllanthaceae) which is described for various diseases including diabetes in ayurvedic texts and Nighantus.",confirmed,
Turmeric,Digoxin,CVS,23064285,drug interaction,general_interaction,False,auto_extracted,standard,"P-glycoprotein mediated efflux in Caco-2 cell monolayers: the influence of herbals on digoxin transport. Several herbal medicines are concomitantly used with conventional medicines with a resultant increase in the recognition of herb-drug interactions. The phytomedicines Vernonia amygdalina Delile (VA), family Asteraceae; Azadiractha indica A. Juss (NL), family Meliaceae; Morinda lucida Benth (MLB), family Rubiaceae; Cymbopogon citratus Stapf (LG), family Poaceae; Curcuma longa L. (CUR), family Zingiberaceae; Carica papaya L. (CP), family Caricaceae and Tapinanthus sessilifolius Blume (ML), family Loranthaceae are used in African traditional medicine for the treatment of malaria.",confirmed,
Licorice,Warfarin,AC,10675182,herb-drug interaction,general_interaction,False,auto_extracted,standard,"Concurrent use of herbs may mimic, magnify, or oppose the effect of drugs. Plausible cases of herb-drug interactions include: bleeding when warfarin is combined with ginkgo (Ginkgo biloba), garlic (Allium sativum), dong quai (Angelica sinensis), or danshen (Salvia miltiorrhiza); mild serotonin syndrome in patients who mix St John's wort (Hypericum perforatum) with serotonin-reuptake inhibitors; decreased bioavailability of digoxin, theophylline, cyclosporin, and phenprocoumon when these drugs are combined with St John's wort; induction of mania in depressed patients who mix antidepressants and Panax ginseng; exacerbation of extrapyramidal effects with neuroleptic drugs and betel nut (Areca catechu); increased risk of hypertension when tricyclic antidepressants are combined with yohimbine (Pausinystalia yohimbe); potentiation of oral and topical corticosteroids by liquorice (Glycyrrhiza glabra); decreased blood concentrations of prednisolone when taken with the Chinese herbal product xaio chai hu tang (sho-salko-to); and decreased concentrations of phenytoin when combined with the Ayurvedic syrup shankhapushpi. Anthranoid-containing plants (including senna [Cassia senna] and cascara [Rhamnus purshiana]) and soluble fibres (including guar gum and psyllium) can decrease the absorption of drugs.",rejected,
Turmeric,Metformin,AD,29518605,herb-drug interaction,general_interaction,False,auto_extracted,standard,"Herb-drug interaction of Nisha Amalaki and Curcuminoids with metformin in normal and diabetic condition: A disease system approach. Nisha Amalaki (NA), formulation with Curcuma longa Linn (Turmeric, Haridra, Nisha in Sanskrit; Family: Zingiberaceae) and Phyllanthus emblica Linn (Indian gooseberry, Amlaki in Sanskrit; Family: Phyllanthaceae) which is described for various diseases including diabetes in ayurvedic texts and Nighantus.",confirmed,
Turmeric,Digoxin,CVS,23064285,herb-drug interaction,general_interaction,False,auto_extracted,standard,"P-glycoprotein mediated efflux in Caco-2 cell monolayers: the influence of herbals on digoxin transport. Several herbal medicines are concomitantly used with conventional medicines with a resultant increase in the recognition of herb-drug interactions. The phytomedicines Vernonia amygdalina Delile (VA), family Asteraceae; Azadiractha indica A. Juss (NL), family Meliaceae; Morinda lucida Benth (MLB), family Rubiaceae; Cymbopogon citratus Stapf (LG), family Poaceae; Curcuma longa L. (CUR), family Zingiberaceae; Carica papaya L. (CP), family Caricaceae and Tapinanthus sessilifolius Blume (ML), family Loranthaceae are used in African traditional medicine for the treatment of malaria.",confirmed,
Garlic,Warfarin,AC,19719333,may interact,general_interaction,False,auto_extracted,standard,"Ginseng (Panax ginseng) may interact with phenelzine and warfarin. Kava (Piper methysticum) increases the clearance of chlorzoxazone (a CYP2E1 substrate) and may interact with alprazolam, levodopa and paroxetine. Garlic (Allium sativum) interacts with chlorpropamide, fluindione, ritonavir and warfarin; it also reduces plasma concentrations of chlorzoxazone (a CYP2E1 probe).",confirmed,
Amla,Metformin,AD,29518605,drug interaction,general_interaction,False,auto_extracted,standard,"Herb-drug interaction of Nisha Amalaki and Curcuminoids with metformin in normal and diabetic condition: A disease system approach. Nisha Amalaki (NA), formulation with Curcuma longa Linn (Turmeric, Haridra, Nisha in Sanskrit; Family: Zingiberaceae) and Phyllanthus emblica Linn (Indian gooseberry, Amlaki in Sanskrit; Family: Phyllanthaceae) which is described for various diseases including diabetes in ayurvedic texts and Nighantus.",confirmed,
Turmeric,Amlodipine,CVS,34958609,drug interaction,general_interaction,False,auto_extracted,standard,"Herb-drug interaction: pharmacokinetics and pharmacodynamics of anti-hypertensive drug amlodipine besylate in presence of Lepidium sativum and Curcuma longa. Effects of Lepidium sativum and Curcuma longa were investigated on pharmacokinetics and pharmacodynamics of antihypertensive drug (amlodipine).Hypertensive rats were treated with amlodipine, Lepidium sativum, Lepidium sativum + amlodipine, Curcuma longa and Curcuma longa + amlodipine, and their blood pressures were measured.",confirmed,
Garlic,Warfarin,AC,19719333,interacts with,general_interaction,False,auto_extracted,standard,"Kava (Piper methysticum) increases the clearance of chlorzoxazone (a CYP2E1 substrate) and may interact with alprazolam, levodopa and paroxetine. Garlic (Allium sativum) interacts with chlorpropamide, fluindione, ritonavir and warfarin; it also reduces plasma concentrations of chlorzoxazone (a CYP2E1 probe). Echinacea might affect the clearance of caffeine (a CYP1A2 probe) and midazolam (a CYP3A4 probe).",confirmed,
Amla,Metformin,AD,29518605,herb-drug interaction,general_interaction,False,auto_extracted,standard,"Herb-drug interaction of Nisha Amalaki and Curcuminoids with metformin in normal and diabetic condition: A disease system approach. Nisha Amalaki (NA), formulation with Curcuma longa Linn (Turmeric, Haridra, Nisha in Sanskrit; Family: Zingiberaceae) and Phyllanthus emblica Linn (Indian gooseberry, Amlaki in Sanskrit; Family: Phyllanthaceae) which is described for various diseases including diabetes in ayurvedic texts and Nighantus.",confirmed,
Turmeric,Amlodipine,CVS,34958609,herb-drug interaction,general_interaction,False,auto_extracted,standard,"Herb-drug interaction: pharmacokinetics and pharmacodynamics of anti-hypertensive drug amlodipine besylate in presence of Lepidium sativum and Curcuma longa. Effects of Lepidium sativum and Curcuma longa were investigated on pharmacokinetics and pharmacodynamics of antihypertensive drug (amlodipine).Hypertensive rats were treated with amlodipine, Lepidium sativum, Lepidium sativum + amlodipine, Curcuma longa and Curcuma longa + amlodipine, and their blood pressures were measured.",confirmed,
Garlic,Warfarin,AC,10675182,drug interaction,general_interaction,False,auto_extracted,standard,"Concurrent use of herbs may mimic, magnify, or oppose the effect of drugs. Plausible cases of herb-drug interactions include: bleeding when warfarin is combined with ginkgo (Ginkgo biloba), garlic (Allium sativum), dong quai (Angelica sinensis), or danshen (Salvia miltiorrhiza); mild serotonin syndrome in patients who mix St John's wort (Hypericum perforatum) with serotonin-reuptake inhibitors; decreased bioavailability of digoxin, theophylline, cyclosporin, and phenprocoumon when these drugs are combined with St John's wort; induction of mania in depressed patients who mix antidepressants and Panax ginseng; exacerbation of extrapyramidal effects with neuroleptic drugs and betel nut (Areca catechu); increased risk of hypertension when tricyclic antidepressants are combined with yohimbine (Pausinystalia yohimbe); potentiation of oral and topical corticosteroids by liquorice (Glycyrrhiza glabra); decreased blood concentrations of prednisolone when taken with the Chinese herbal product xaio chai hu tang (sho-salko-to); and decreased concentrations of phenytoin when combined with the Ayurvedic syrup shankhapushpi. Anthranoid-containing plants (including senna [Cassia senna] and cascara [Rhamnus purshiana]) and soluble fibres (including guar gum and psyllium) can decrease the absorption of drugs.",confirmed,
Aloe vera,Insulin,AD,28160765,potential interaction,general_interaction,False,auto_extracted,standard,"The study found potential drug-herb interactions in 4 (50%) of the CAM consumers. Moderate potential interactions were found between Aloe vera and diuretics; Aloe vera and insulin; pyridoxine and calcium-channel blockers and diuretics; and niacin and statins. Those interactions had the potential to result in hypoglycemia, hyperglycemia, hypokalemia, and lower blood pressure.",confirmed,
Licorice,Digoxin,CVS,10675182,drug interaction,general_interaction,False,auto_extracted,standard,"Concurrent use of herbs may mimic, magnify, or oppose the effect of drugs. Plausible cases of herb-drug interactions include: bleeding when warfarin is combined with ginkgo (Ginkgo biloba), garlic (Allium sativum), dong quai (Angelica sinensis), or danshen (Salvia miltiorrhiza); mild serotonin syndrome in patients who mix St John's wort (Hypericum perforatum) with serotonin-reuptake inhibitors; decreased bioavailability of digoxin, theophylline, cyclosporin, and phenprocoumon when these drugs are combined with St John's wort; induction of mania in depressed patients who mix antidepressants and Panax ginseng; exacerbation of extrapyramidal effects with neuroleptic drugs and betel nut (Areca catechu); increased risk of hypertension when tricyclic antidepressants are combined with yohimbine (Pausinystalia yohimbe); potentiation of oral and topical corticosteroids by liquorice (Glycyrrhiza glabra); decreased blood concentrations of prednisolone when taken with the Chinese herbal product xaio chai hu tang (sho-salko-to); and decreased concentrations of phenytoin when combined with the Ayurvedic syrup shankhapushpi. Anthranoid-containing plants (including senna [Cassia senna] and cascara [Rhamnus purshiana]) and soluble fibres (including guar gum and psyllium) can decrease the absorption of drugs.",rejected,
Garlic,Warfarin,AC,10675182,herb-drug interaction,general_interaction,False,auto_extracted,standard,"Concurrent use of herbs may mimic, magnify, or oppose the effect of drugs. Plausible cases of herb-drug interactions include: bleeding when warfarin is combined with ginkgo (Ginkgo biloba), garlic (Allium sativum), dong quai (Angelica sinensis), or danshen (Salvia miltiorrhiza); mild serotonin syndrome in patients who mix St John's wort (Hypericum perforatum) with serotonin-reuptake inhibitors; decreased bioavailability of digoxin, theophylline, cyclosporin, and phenprocoumon when these drugs are combined with St John's wort; induction of mania in depressed patients who mix antidepressants and Panax ginseng; exacerbation of extrapyramidal effects with neuroleptic drugs and betel nut (Areca catechu); increased risk of hypertension when tricyclic antidepressants are combined with yohimbine (Pausinystalia yohimbe); potentiation of oral and topical corticosteroids by liquorice (Glycyrrhiza glabra); decreased blood concentrations of prednisolone when taken with the Chinese herbal product xaio chai hu tang (sho-salko-to); and decreased concentrations of phenytoin when combined with the Ayurvedic syrup shankhapushpi. Anthranoid-containing plants (including senna [Cassia senna] and cascara [Rhamnus purshiana]) and soluble fibres (including guar gum and psyllium) can decrease the absorption of drugs.",confirmed,
Kalmegh,Insulin,AD,41519973,may interact,general_interaction,False,auto_extracted,standard,"The newly described CIRDD and IROD clusters of Type 2 Diabetes represent clinically meaningful phenotypes, yet no subtype-specific molecular or omics datasets currently exist to define their mechanisms. This study introduces a predictive extrapolation framework to infer how phytocompounds from Andrographis paniculata may interact with these subtypes by mapping established pathways of insulin resistance, β-cell dysfunction, and obesity-driven inflammation onto CIRDD- and IROD-relevant axes. From the broader T2DM network, ten hub proteins (INS, AKT1, TNF, IL6, MMP9, and others) were prioritized based on functional importance and subsequently assigned to each subtype according to their documented physiological roles.",unclear,
Licorice,Digoxin,CVS,10675182,herb-drug interaction,general_interaction,False,auto_extracted,standard,"Concurrent use of herbs may mimic, magnify, or oppose the effect of drugs. Plausible cases of herb-drug interactions include: bleeding when warfarin is combined with ginkgo (Ginkgo biloba), garlic (Allium sativum), dong quai (Angelica sinensis), or danshen (Salvia miltiorrhiza); mild serotonin syndrome in patients who mix St John's wort (Hypericum perforatum) with serotonin-reuptake inhibitors; decreased bioavailability of digoxin, theophylline, cyclosporin, and phenprocoumon when these drugs are combined with St John's wort; induction of mania in depressed patients who mix antidepressants and Panax ginseng; exacerbation of extrapyramidal effects with neuroleptic drugs and betel nut (Areca catechu); increased risk of hypertension when tricyclic antidepressants are combined with yohimbine (Pausinystalia yohimbe); potentiation of oral and topical corticosteroids by liquorice (Glycyrrhiza glabra); decreased blood concentrations of prednisolone when taken with the Chinese herbal product xaio chai hu tang (sho-salko-to); and decreased concentrations of phenytoin when combined with the Ayurvedic syrup shankhapushpi. Anthranoid-containing plants (including senna [Cassia senna] and cascara [Rhamnus purshiana]) and soluble fibres (including guar gum and psyllium) can decrease the absorption of drugs.",rejected,
Shankhpushpi,Warfarin,AC,10675182,drug interaction,general_interaction,False,auto_extracted,standard,"Concurrent use of herbs may mimic, magnify, or oppose the effect of drugs. Plausible cases of herb-drug interactions include: bleeding when warfarin is combined with ginkgo (Ginkgo biloba), garlic (Allium sativum), dong quai (Angelica sinensis), or danshen (Salvia miltiorrhiza); mild serotonin syndrome in patients who mix St John's wort (Hypericum perforatum) with serotonin-reuptake inhibitors; decreased bioavailability of digoxin, theophylline, cyclosporin, and phenprocoumon when these drugs are combined with St John's wort; induction of mania in depressed patients who mix antidepressants and Panax ginseng; exacerbation of extrapyramidal effects with neuroleptic drugs and betel nut (Areca catechu); increased risk of hypertension when tricyclic antidepressants are combined with yohimbine (Pausinystalia yohimbe); potentiation of oral and topical corticosteroids by liquorice (Glycyrrhiza glabra); decreased blood concentrations of prednisolone when taken with the Chinese herbal product xaio chai hu tang (sho-salko-to); and decreased concentrations of phenytoin when combined with the Ayurvedic syrup shankhapushpi. Anthranoid-containing plants (including senna [Cassia senna] and cascara [Rhamnus purshiana]) and soluble fibres (including guar gum and psyllium) can decrease the absorption of drugs.",rejected,
Arjuna,Metoprolol,CVS,26891872,drug interaction,general_interaction,False,auto_extracted,standard,T. arjuna bark extract has been reported to play a significant role as a cardiac stimulant for its beneficial effects in angina. Herb - drug interactions (HDI) are one of the most important clinical concerns in the concomitant consumption of herbs and prescription drugs. Our study was to investigate the in vitro CYP2D inhibition potential of Terminalia arjuna (T. arjuna) extracts in rat liver microsomes and to study the influence of aqueous bark extract of T. arjuna on the oral pharmacokinetics and pharmacodynamics of metoprolol succinate in rats.,confirmed,
Shankhpushpi,Warfarin,AC,10675182,herb-drug interaction,general_interaction,False,auto_extracted,standard,"Concurrent use of herbs may mimic, magnify, or oppose the effect of drugs. Plausible cases of herb-drug interactions include: bleeding when warfarin is combined with ginkgo (Ginkgo biloba), garlic (Allium sativum), dong quai (Angelica sinensis), or danshen (Salvia miltiorrhiza); mild serotonin syndrome in patients who mix St John's wort (Hypericum perforatum) with serotonin-reuptake inhibitors; decreased bioavailability of digoxin, theophylline, cyclosporin, and phenprocoumon when these drugs are combined with St John's wort; induction of mania in depressed patients who mix antidepressants and Panax ginseng; exacerbation of extrapyramidal effects with neuroleptic drugs and betel nut (Areca catechu); increased risk of hypertension when tricyclic antidepressants are combined with yohimbine (Pausinystalia yohimbe); potentiation of oral and topical corticosteroids by liquorice (Glycyrrhiza glabra); decreased blood concentrations of prednisolone when taken with the Chinese herbal product xaio chai hu tang (sho-salko-to); and decreased concentrations of phenytoin when combined with the Ayurvedic syrup shankhapushpi. Anthranoid-containing plants (including senna [Cassia senna] and cascara [Rhamnus purshiana]) and soluble fibres (including guar gum and psyllium) can decrease the absorption of drugs.",rejected,
Arjuna,Metoprolol,CVS,26891872,drug interaction,general_interaction,False,auto_extracted,standard,"Pharmacodynamic studies reveal a significant reduction in therapeutic activity of metoprolol succinate on co-administration with aqueous bark extract of T. arjuna. Based on our in vitro and in vivo findings and until further clinical drug interaction experiments are conducted, the co-administration of drugs, especially those primarily cleared via CYP2D catalyzed metabolism, with T. arjuna extracts should be done with caution.",confirmed,
Pippali,Warfarin,AC,42066825,potential interaction,general_interaction,False,auto_extracted,standard,"Probable interaction between warfarin and a toothache solution containing Piper longum L. leading to ischemic stroke: a case report. Both warfarin and Chinese patent medicine (CPM) are frequently prescribed medications that may have a potential interaction that can go unnoticed. To report a clinical case of a probable interaction between warfarin and a toothache solution containing Piper longum L., which led to ischemic stroke.",confirmed,
Garlic,Digoxin,CVS,10675182,drug interaction,general_interaction,False,auto_extracted,standard,"Concurrent use of herbs may mimic, magnify, or oppose the effect of drugs. Plausible cases of herb-drug interactions include: bleeding when warfarin is combined with ginkgo (Ginkgo biloba), garlic (Allium sativum), dong quai (Angelica sinensis), or danshen (Salvia miltiorrhiza); mild serotonin syndrome in patients who mix St John's wort (Hypericum perforatum) with serotonin-reuptake inhibitors; decreased bioavailability of digoxin, theophylline, cyclosporin, and phenprocoumon when these drugs are combined with St John's wort; induction of mania in depressed patients who mix antidepressants and Panax ginseng; exacerbation of extrapyramidal effects with neuroleptic drugs and betel nut (Areca catechu); increased risk of hypertension when tricyclic antidepressants are combined with yohimbine (Pausinystalia yohimbe); potentiation of oral and topical corticosteroids by liquorice (Glycyrrhiza glabra); decreased blood concentrations of prednisolone when taken with the Chinese herbal product xaio chai hu tang (sho-salko-to); and decreased concentrations of phenytoin when combined with the Ayurvedic syrup shankhapushpi. Anthranoid-containing plants (including senna [Cassia senna] and cascara [Rhamnus purshiana]) and soluble fibres (including guar gum and psyllium) can decrease the absorption of drugs.",rejected,
Pippali,Warfarin,AC,42066825,potential interaction,general_interaction,False,auto_extracted,standard,Causal assessment showed a probable interaction between the interaction of warfarin and a toothache solution containing Piper longum and the ischemic stroke. The potential interaction between warfarin and Piper longum should be recognized to prevent adverse outcomes in patients receiving warfarin therapy.,confirmed,
Garlic,Digoxin,CVS,10675182,herb-drug interaction,general_interaction,False,auto_extracted,standard,"Concurrent use of herbs may mimic, magnify, or oppose the effect of drugs. Plausible cases of herb-drug interactions include: bleeding when warfarin is combined with ginkgo (Ginkgo biloba), garlic (Allium sativum), dong quai (Angelica sinensis), or danshen (Salvia miltiorrhiza); mild serotonin syndrome in patients who mix St John's wort (Hypericum perforatum) with serotonin-reuptake inhibitors; decreased bioavailability of digoxin, theophylline, cyclosporin, and phenprocoumon when these drugs are combined with St John's wort; induction of mania in depressed patients who mix antidepressants and Panax ginseng; exacerbation of extrapyramidal effects with neuroleptic drugs and betel nut (Areca catechu); increased risk of hypertension when tricyclic antidepressants are combined with yohimbine (Pausinystalia yohimbe); potentiation of oral and topical corticosteroids by liquorice (Glycyrrhiza glabra); decreased blood concentrations of prednisolone when taken with the Chinese herbal product xaio chai hu tang (sho-salko-to); and decreased concentrations of phenytoin when combined with the Ayurvedic syrup shankhapushpi. Anthranoid-containing plants (including senna [Cassia senna] and cascara [Rhamnus purshiana]) and soluble fibres (including guar gum and psyllium) can decrease the absorption of drugs.",rejected,
Pippali,Warfarin,AC,38807873,drug interaction,general_interaction,False,auto_extracted,standard,"Warfarin, a widely prescribed anticoagulant, is highly effective for various coagulation disorders. However, its efficacy is limited by a narrow therapeutic index and frequent drug interactions, especially those involving metabolism by Cytochrome P450 (CYP450) enzymes. Piperine, found in black and long pepper, possesses blood-thinning properties and has been observed to inhibit CYP3A and CYP2C enzymes linked to warfarin metabolism.",confirmed,
Shankhpushpi,Digoxin,CVS,10675182,drug interaction,general_interaction,False,auto_extracted,standard,"Concurrent use of herbs may mimic, magnify, or oppose the effect of drugs. Plausible cases of herb-drug interactions include: bleeding when warfarin is combined with ginkgo (Ginkgo biloba), garlic (Allium sativum), dong quai (Angelica sinensis), or danshen (Salvia miltiorrhiza); mild serotonin syndrome in patients who mix St John's wort (Hypericum perforatum) with serotonin-reuptake inhibitors; decreased bioavailability of digoxin, theophylline, cyclosporin, and phenprocoumon when these drugs are combined with St John's wort; induction of mania in depressed patients who mix antidepressants and Panax ginseng; exacerbation of extrapyramidal effects with neuroleptic drugs and betel nut (Areca catechu); increased risk of hypertension when tricyclic antidepressants are combined with yohimbine (Pausinystalia yohimbe); potentiation of oral and topical corticosteroids by liquorice (Glycyrrhiza glabra); decreased blood concentrations of prednisolone when taken with the Chinese herbal product xaio chai hu tang (sho-salko-to); and decreased concentrations of phenytoin when combined with the Ayurvedic syrup shankhapushpi. Anthranoid-containing plants (including senna [Cassia senna] and cascara [Rhamnus purshiana]) and soluble fibres (including guar gum and psyllium) can decrease the absorption of drugs.",rejected,
Shankhpushpi,Digoxin,CVS,10675182,herb-drug interaction,general_interaction,False,auto_extracted,standard,"Concurrent use of herbs may mimic, magnify, or oppose the effect of drugs. Plausible cases of herb-drug interactions include: bleeding when warfarin is combined with ginkgo (Ginkgo biloba), garlic (Allium sativum), dong quai (Angelica sinensis), or danshen (Salvia miltiorrhiza); mild serotonin syndrome in patients who mix St John's wort (Hypericum perforatum) with serotonin-reuptake inhibitors; decreased bioavailability of digoxin, theophylline, cyclosporin, and phenprocoumon when these drugs are combined with St John's wort; induction of mania in depressed patients who mix antidepressants and Panax ginseng; exacerbation of extrapyramidal effects with neuroleptic drugs and betel nut (Areca catechu); increased risk of hypertension when tricyclic antidepressants are combined with yohimbine (Pausinystalia yohimbe); potentiation of oral and topical corticosteroids by liquorice (Glycyrrhiza glabra); decreased blood concentrations of prednisolone when taken with the Chinese herbal product xaio chai hu tang (sho-salko-to); and decreased concentrations of phenytoin when combined with the Ayurvedic syrup shankhapushpi. Anthranoid-containing plants (including senna [Cassia senna] and cascara [Rhamnus purshiana]) and soluble fibres (including guar gum and psyllium) can decrease the absorption of drugs.",rejected,
Garlic,Warfarin,AC,15916450,plasma concentration,pharmacokinetic,True,auto_extracted,standard,"Cases have been published reporting enhanced anticoagulation and bleeding when patients on long-term warfarin therapy also took Salvia miltiorrhiza (danshen). Allium sativum (garlic) decreased the area under the plasma concentration-time curve (AUC) and maximum plasma concentration of saquinavir, but not ritonavir and paracetamol (acetaminophen), in volunteers. A. sativum increased the clotting time and international normalised ratio of warfarin and caused hypoglycaemia when taken with chlorpropamide.",confirmed,
