drug_class,alias,source_type,source_note
Anticoagulants,blood thinner,general_knowledge,common lay or Hinglish way of naming the class; input matching only
Anticoagulants,blood thinners,general_knowledge,common lay or Hinglish way of naming the class; input matching only
Anticoagulants,blood thinning medicine,general_knowledge,common lay or Hinglish way of naming the class; input matching only
Anticoagulants,blood thinning tablet,general_knowledge,common lay or Hinglish way of naming the class; input matching only
Anticoagulants,khoon patla karne ki dawa,general_knowledge,common lay or Hinglish way of naming the class; input matching only
Anticoagulants,khoon patla karne wali dawa,general_knowledge,common lay or Hinglish way of naming the class; input matching only
Anticoagulants,khoon patli karne ki goli,general_knowledge,common lay or Hinglish way of naming the class; input matching only
Anticoagulants,anticoagulant,general_knowledge,common lay or Hinglish way of naming the class; input matching only
Anticoagulants,antiplatelet,general_knowledge,common lay or Hinglish way of naming the class; input matching only
Anticoagulants,clot medicine,general_knowledge,common lay or Hinglish way of naming the class; input matching only
Antidiabetics,sugar tablet,general_knowledge,common lay or Hinglish way of naming the class; input matching only
Antidiabetics,sugar medicine,general_knowledge,common lay or Hinglish way of naming the class; input matching only
Antidiabetics,sugar ki dawa,general_knowledge,common lay or Hinglish way of naming the class; input matching only
Antidiabetics,sugar ki goli,general_knowledge,common lay or Hinglish way of naming the class; input matching only
Antidiabetics,diabetes tablet,general_knowledge,common lay or Hinglish way of naming the class; input matching only
Antidiabetics,diabetes medicine,general_knowledge,common lay or Hinglish way of naming the class; input matching only
Antidiabetics,diabetes ki dawa,general_knowledge,common lay or Hinglish way of naming the class; input matching only
Antidiabetics,madhumeh ki dawa,general_knowledge,common lay or Hinglish way of naming the class; input matching only
Antidiabetics,antidiabetic,general_knowledge,common lay or Hinglish way of naming the class; input matching only
Antidiabetics,glucose lowering medicine,general_knowledge,common lay or Hinglish way of naming the class; input matching only
Cardiovascular,bp medicine,general_knowledge,common lay or Hinglish way of naming the class; input matching only
Cardiovascular,bp tablet,general_knowledge,common lay or Hinglish way of naming the class; input matching only
Cardiovascular,bp ki dawa,general_knowledge,common lay or Hinglish way of naming the class; input matching only
Cardiovascular,bp ki goli,general_knowledge,common lay or Hinglish way of naming the class; input matching only
Cardiovascular,blood pressure medicine,general_knowledge,common lay or Hinglish way of naming the class; input matching only
Cardiovascular,blood pressure tablet,general_knowledge,common lay or Hinglish way of naming the class; input matching only
Cardiovascular,heart medicine,general_knowledge,common lay or Hinglish way of naming the class; input matching only
Cardiovascular,heart tablet,general_knowledge,common lay or Hinglish way of naming the class; input matching only
Cardiovascular,dil ki dawa,general_knowledge,common lay or Hinglish way of naming the class; input matching only
Cardiovascular,heart ki dawa,general_knowledge,common lay or Hinglish way of naming the class; input matching only
Cardiovascular,cardiac medicine,general_knowledge,common lay or Hinglish way of naming the class; input matching only
