drug,condition_id,what_its_for,pros,cons,common_side_effects,cautions,tags,source_type,source_note,reviewed
Warfarin,venous_thromboembolism,Treating and preventing clots in the veins and in the lungs.,Decades of outcome evidence; effect can be measured and adjusted by a blood test.,Needs regular blood tests; many food and medicine interactions; bleeding risk.,bleeding;bruising;rarely tissue damage from skin blood-vessel clots,Carries a bleeding warning; not used in pregnancy except for mechanical heart valves.,anticoagulant_effect;cyp_substrate;narrow_therapeutic_index,fetched_source,"openFDA SPL label, set_id 0cbce382-9c88-4f58-ae0f-532a841e8f95 effective 20250617 (data/raw/openfda_labels.json)",false
Warfarin,atrial_fibrillation,Lowering the risk of clots and stroke caused by an irregular heartbeat.,Proven to cut stroke risk in atrial fibrillation; dose can be guided by a blood test.,Needs regular monitoring; interacts with many foods and medicines; bleeding risk.,bleeding;bruising;blood in urine or stool,Carries a bleeding warning; stopping it suddenly raises clot and stroke risk.,anticoagulant_effect;cyp_substrate;narrow_therapeutic_index,fetched_source,"openFDA SPL label, set_id 0cbce382-9c88-4f58-ae0f-532a841e8f95 effective 20250617 (data/raw/openfda_labels.json)",false
Warfarin,secondary_cardiovascular_prevention,Lowering the risk of death and of a further heart attack after one has happened.,Label-supported for reducing repeat heart attack and clot-related events.,Bleeding risk and frequent monitoring make it harder to use than antiplatelet tablets.,bleeding;bruising;rarely skin tissue damage,Carries a bleeding warning; never start or stop it without the treating doctor.,anticoagulant_effect;cyp_substrate;narrow_therapeutic_index,fetched_source,"openFDA SPL label, set_id 0cbce382-9c88-4f58-ae0f-532a841e8f95 effective 20250617 (data/raw/openfda_labels.json)",false
Heparin,venous_thromboembolism,"Treating and preventing clots in the veins and in the lungs, given by injection.","Works within hours, so it is used when fast anticoagulation is needed.","Injection only, usually in hospital; needs monitoring; bleeding risk.",bleeding;bruising at the injection site;low platelet count,Must not be used by anyone who has had heparin-induced low platelets.,anticoagulant_effect,fetched_source,"openFDA SPL label, set_id 02fb700d-a28c-4d45-b78d-382dc0d5986c effective 20250926 (data/raw/openfda_labels.json)",false
Heparin,atrial_fibrillation,"Short-term clot prevention in atrial fibrillation, given by injection.","Fast onset, useful as a bridge while a tablet anticoagulant takes effect.",Injection only and short acting; not a long-term option; bleeding risk.,bleeding;bruising at the injection site;low platelet count,Must not be used by anyone who has had heparin-induced low platelets.,anticoagulant_effect,fetched_source,"openFDA SPL label, set_id 02fb700d-a28c-4d45-b78d-382dc0d5986c effective 20250926 (data/raw/openfda_labels.json)",false
Aspirin,secondary_cardiovascular_prevention,"Making platelets less sticky, to lower the risk of a further heart attack or stroke.","Cheap, widely available, and backed by large outcome trials in established heart disease.",Irritates the stomach and raises bleeding risk; not suitable for everyone.,stomach irritation;indigestion;bleeding;bruising,"Raises bleeding risk, more so with other blood thinners; avoid with active stomach ulcers.",antiplatelet,general_knowledge,"every US openFDA label for aspirin is an over-the-counter analgesic monograph and does not carry the cardiovascular indication, so this row rests on established pharmacology; the fetched label (set_id 0058175f-3474-40c3-a046-6cfaec86d84b) was read for its warnings only",false
Clopidogrel,secondary_cardiovascular_prevention,"Making platelets less sticky after a heart attack, a stroke or a stent.",Strong outcome evidence after heart attack and stenting; no routine blood test needed.,Bleeding risk; works poorly in people with certain liver-enzyme gene variants.,bleeding;bruising;rash;rarely a serious platelet disorder,Must not be used during active bleeding; tell any dentist or surgeon before a procedure.,antiplatelet;cyp_substrate,fetched_source,"openFDA SPL label, set_id 0078fb3d-3595-4ae1-a059-1d5e81c879cf effective 20240517 (data/raw/openfda_labels.json)",false
Metformin,type_2_diabetes,"Lowering blood sugar in type 2 diabetes, alongside diet and exercise.",First-choice tablet; long safety record; does not usually cause low sugar on its own.,Stomach upset is common at first; cannot be used with poor kidney function.,nausea;diarrhoea;metallic taste;low vitamin B12 over time,Carries a lactic acidosis warning; not used when kidney function is severely reduced.,hypoglycemic,fetched_source,"openFDA SPL label, set_id 011de1a5-1ac0-4831-9e8d-26ec79ba2205 effective 20240821 (data/raw/openfda_labels.json)",false
Glimepiride,type_2_diabetes,Prompting the pancreas to release more insulin in type 2 diabetes.,Lowers blood sugar quickly and is inexpensive.,"Real risk of low blood sugar, especially if meals are missed; can add weight.",low blood sugar;weight gain;nausea;rarely a drop in red blood cells,Not for type 1 diabetes; skipping meals can cause dangerous low blood sugar.,hypoglycemic;cyp_substrate,fetched_source,"openFDA SPL label, set_id 0003458f-352a-46fa-9d99-230daa76ae29 effective 20241113 (data/raw/openfda_labels.json)",false
Insulin,type_2_diabetes,Replacing or supplementing the body's own insulin to control blood sugar.,Works for anyone and can be adjusted precisely; essential when tablets are not enough.,Injections and monitoring are needed; low blood sugar is the main hazard.,low blood sugar;weight gain;injection-site reactions;low potassium,Must not be used during a low-sugar episode; never share a pen or needle.,hypoglycemic;potassium_affecting,fetched_source,"openFDA SPL label, set_id b60e8dd0-1d48-4dc9-87fd-e14675255e8c effective 20260701 (data/raw/openfda_labels.json)",false
Pioglitazone,type_2_diabetes,Making the body's tissues respond better to its own insulin.,Improves insulin sensitivity and keeps working over a long period.,Causes fluid retention and weight gain; can worsen heart failure; raises fracture risk.,fluid retention;weight gain;swollen ankles;bone fractures,Carries a heart failure warning and must not be started in moderate or severe heart failure.,hypoglycemic;cyp_substrate;hepatotoxic_risk,fetched_source,"openFDA SPL label, set_id 0331400c-b163-4856-bfb0-965470247cb3 effective 20250517 (data/raw/openfda_labels.json)",false
Digoxin,heart_failure,Strengthening the heart's contraction in mild to moderate heart failure.,Long clinical history; eases symptoms and reduces hospital admissions for heart failure.,The safe and toxic blood levels are very close; needs monitoring.,nausea;loss of appetite;confusion;visual disturbance;slow or irregular pulse,Low potassium makes toxicity more likely; many medicines and herbs change its blood level.,pgp_substrate;narrow_therapeutic_index;potassium_affecting;bradycardic,fetched_source,"openFDA SPL label, set_id 03612934-62f4-4002-85af-6c66cd172acb effective 20240904 (data/raw/openfda_labels.json)",false
Digoxin,atrial_fibrillation,Slowing the resting heart rate in long-standing atrial fibrillation.,Effective for resting rate control and usable when blood pressure is low.,Narrow safety margin; does not control the rate during exercise; no stroke protection.,nausea;loss of appetite;confusion;visual disturbance;slow or irregular pulse,Does not prevent stroke; low potassium and many interactions raise toxicity risk.,pgp_substrate;narrow_therapeutic_index;potassium_affecting;bradycardic,fetched_source,"openFDA SPL label, set_id 03612934-62f4-4002-85af-6c66cd172acb effective 20240904 (data/raw/openfda_labels.json)",false
Atenolol,hypertension,Lowering blood pressure by slowing the heart and reducing its workload.,Lowers blood pressure and the stroke and heart attack risk that comes with it.,Causes tiredness and cold hands; can mask the warning signs of low blood sugar.,tiredness;cold hands and feet;slow pulse;dizziness,Not for people with a very slow pulse or heart block; never stop it abruptly.,hypotensive;bradycardic,fetched_source,"openFDA SPL label, set_id 09b21985-1818-449d-9b29-98f733cf7b9f effective 20241126 (data/raw/openfda_labels.json)",false
Atenolol,secondary_cardiovascular_prevention,Protecting the heart after a heart attack and easing angina.,Label-supported after heart attack and for angina; well-established.,Tiredness and slow pulse are common; masks low-blood-sugar warning signs.,tiredness;cold hands and feet;slow pulse;dizziness,Stopping suddenly can trigger chest pain or a heart attack; reduce only with a doctor.,hypotensive;bradycardic,fetched_source,"openFDA SPL label, set_id 09b21985-1818-449d-9b29-98f733cf7b9f effective 20241126 (data/raw/openfda_labels.json)",false
Metoprolol,hypertension,Lowering blood pressure by slowing the heart and reducing its workload.,Lowers blood pressure and the stroke and heart attack risk that comes with it.,Causes tiredness and dizziness; can mask the warning signs of low blood sugar.,tiredness;dizziness;slow pulse;cold hands and feet,"Not for severe slow pulse, heart block or uncontrolled heart failure; never stop abruptly.",hypotensive;bradycardic;cyp_substrate,fetched_source,"openFDA SPL label, set_id 00940cc5-d2eb-4841-9138-de97d7b1c674 effective 20260727 (data/raw/openfda_labels.json)",false
Metoprolol,secondary_cardiovascular_prevention,Protecting the heart after a heart attack and easing angina.,Label-supported for reducing death after a heart attack.,Tiredness and slow pulse are common; masks low-blood-sugar warning signs.,tiredness;dizziness;slow pulse;cold hands and feet,Stopping suddenly can worsen angina or trigger a heart attack.,hypotensive;bradycardic;cyp_substrate,fetched_source,"openFDA SPL label, set_id 00940cc5-d2eb-4841-9138-de97d7b1c674 effective 20260727 (data/raw/openfda_labels.json)",false
Metoprolol,heart_failure,Easing the workload on a weakened heart in stable heart failure.,Improves survival in stable heart failure when built up slowly.,Can worsen symptoms at first; unsuitable while heart failure is uncontrolled.,tiredness;dizziness;slow pulse;worse breathlessness early on,"Only the slow-release form is used for heart failure, and only once the patient is stable.",hypotensive;bradycardic;cyp_substrate,fetched_source,"openFDA SPL label, set_id 00940cc5-d2eb-4841-9138-de97d7b1c674 effective 20260727 (data/raw/openfda_labels.json); the heart-failure indication belongs to the extended-release succinate form, not the immediate-release tartrate label fetched here",false
Amlodipine,hypertension,Relaxing the blood vessels so blood pressure falls.,"Once-daily, well tolerated, and works well in Indian and older populations.",Commonly causes ankle swelling; does not slow the heart rate.,ankle swelling;flushing;headache;tiredness,Ankle swelling can be mistaken for heart failure; tell the doctor if it appears.,hypotensive;cyp_substrate,fetched_source,"openFDA SPL label, set_id 003dd1ec-16f8-4f96-b6a8-c4689d35892a effective 20260420 (data/raw/openfda_labels.json)",false
Losartan,hypertension,"Blocking a hormone that tightens blood vessels, so blood pressure falls.","Well tolerated, protects the kidneys in diabetes, and rarely causes cough.",Can raise potassium and reduce kidney function; needs blood tests.,dizziness;nasal congestion;back pain;raised potassium,Carries a fetal toxicity warning and must be stopped if pregnancy occurs.,hypotensive;potassium_affecting;cyp_substrate,fetched_source,"openFDA SPL label, set_id 021cd76a-b093-4704-8410-5e7d01e20a54 effective 20260827 (data/raw/openfda_labels.json)",false
