herb_name,botanical_name,synonyms
Ashwagandha,Withania somnifera,Indian Ginseng;Winter Cherry;Asgandh
Turmeric,Curcuma longa,Haridra;Haldi
Brahmi,Bacopa monnieri,Water Hyssop;Jalanevari
Guggul,Commiphora wightii,Guggulu;Indian Bdellium;Commiphora mukul
Licorice,Glycyrrhiza glabra,Yashtimadhu;Mulethi
Tulsi,Ocimum tenuiflorum,Tulasi;Holy Basil;Ocimum sanctum
Neem,Azadirachta indica,Nimba
Amla,Phyllanthus emblica,Amalaki;Indian Gooseberry;Emblica officinalis
Haritaki,Terminalia chebula,Black Myrobalan;Harad
Bibhitaki,Terminalia bellirica,Beleric Myrobalan;Baheda;Terminalia bellerica
Shatavari,Asparagus racemosus,Wild Asparagus
Arjuna,Terminalia arjuna,Arjun Tree;Arjun
Ginger,Zingiber officinale,Ardraka;Adrak
Garlic,Allium sativum,Lashuna;Lahsun
Fenugreek,Trigonella foenum-graecum,Methika;Methi
Karela,Momordica charantia,Karavellaka;Bitter Melon;Bitter Gourd
Gymnema,Gymnema sylvestre,Meshashringi;Gurmar;Gudmar
Giloy,Tinospora cordifolia,Guduchi;Heart-leaved Moonseed
Shankhpushpi,Convolvulus pluricaulis,Shankhapushpi;Aloeweed
Punarnava,Boerhavia diffusa,Hogweed
Pippali,Piper longum,Long Pepper;Pipli
Black pepper,Piper nigrum,Maricha;Kali Mirch
Boswellia,Boswellia serrata,Shallaki;Indian Frankincense;Salai Guggul
Cinnamon,Cinnamomum verum,Twak;Dalchini;Cinnamomum zeylanicum
Moringa,Moringa oleifera,Shigru;Drumstick Tree;Sahjan
Aloe vera,Aloe vera,Ghritakumari;Ghrit Kumari;Aloe barbadensis
Senna,Senna alexandrina,Svarnapatri;Sonamukhi;Cassia angustifolia
Psyllium,Plantago ovata,Ishabgol;Isabgol
Kalmegh,Andrographis paniculata,Kalmegha;King of Bitters
Sarpagandha,Rauvolfia serpentina,Indian Snakeroot
Vasaka,Justicia adhatoda,Vasa;Malabar Nut;Adusa;Adhatoda vasica
Jatamansi,Nardostachys jatamansi,Jatamamsi;Spikenard
Bhumi Amla,Phyllanthus niruri,Bhumyamalaki;Stonebreaker;Phyllanthus amarus
Manjistha,Rubia cordifolia,Manjishtha;Indian Madder;Manjith
Ashoka,Saraca asoca,Ashoka Tree;Saraca indica
Vidanga,Embelia ribes,False Black Pepper;Baibidang
Kutki,Picrorhiza kurroa,Katuki;Picrorhiza
Bhringraj,Eclipta prostrata,Bhringaraja;False Daisy;Bhangra;Eclipta alba
Vacha,Acorus calamus,Sweet Flag;Bach
Kantakari,Solanum virginianum,Yellow-berried Nightshade;Kateli;Solanum xanthocarpum
