herb,condition_id,traditional_use,evidence_level,pros,cons,cautions,tags,source_type,source_note,reviewed
Karela,type_2_diabetes,"Classical use of bitter gourd fruit for prameha, the sugar-related disease group.",clinical,Long traditional record for blood sugar; small human studies report lower glucose.,Human studies are small and mixed; very bitter; can upset the stomach.,Adds to the sugar-lowering effect of diabetes medicines; watch for low-sugar symptoms.,hypoglycemic,repo_abstract,PMID 15521566 (human NIDDM study of hypoglycemic effect alongside oral antidiabetic drugs); PMID 19904502,false
Gymnema,type_2_diabetes,Classical use of gurmar leaf for prameha; the Hindi name means sugar destroyer.,preclinical,Strong traditional record; animal studies show lower glucose and better insulin response.,Human evidence is limited; may blunt sweet taste; product strength varies.,"Adds to sugar-lowering medicines, so low-sugar episodes are possible.",hypoglycemic,repo_abstract,PMID 23852298; PMID 23569923,false
Fenugreek,type_2_diabetes,Traditional use of methi seed for prameha and for digestion.,preclinical,Widely used as food and medicine; animal studies show lower glucose and lipids.,"Human trials are small; causes wind, loose stools and a maple-like body odour.",Adds to sugar-lowering medicines; large amounts are avoided in pregnancy.,hypoglycemic,repo_abstract,PMID 17392143; PMID 20448850,false
Amla,type_2_diabetes,"Classical rasayana fruit, used in Triphala and recorded for prameha.",preclinical,Common food fruit with a long rasayana record; animal work shows antihyperglycaemic effect.,Human evidence for blood sugar is thin; sour taste; can loosen stools.,May add to sugar-lowering medicines; a human study shows added antiplatelet effect.,hypoglycemic;antiplatelet,repo_abstract,"PMID 21394805 and PMID 19761040 (glycaemic, animal); antiplatelet tag from PMID 24291054, a human study alongside clopidogrel and aspirin",false
Turmeric,type_2_diabetes,"Classical use of haridra for prameha, inflammation and skin disorders.",preclinical,Everyday kitchen spice; animal and early human work suggests better glucose control.,Curcumin is poorly absorbed alone; evidence is early; can irritate the stomach.,May slow breakdown of other medicines; a documented interaction with metformin exists.,hypoglycemic;antiplatelet;cyp_inhibitor;pgp_modulator,repo_abstract,PMID 29518605 (curator-confirmed metformin interaction in this project); antiplatelet tag from PMID 16112857 and PMID 20158382,false
Cinnamon,type_2_diabetes,Traditional use of twak as a warming digestive and metabolic spice.,clinical,Common spice; a review of randomised trials reports modest falls in blood glucose.,Trial results conflict and the effect is small; cassia types carry a coumarin liver risk.,Adds to sugar-lowering medicines; true cinnamon is preferred over cassia bark.,hypoglycemic,repo_abstract,PMID 19930003 (review of randomised controlled trials),false
Giloy,type_2_diabetes,"Classical rasayana, guduchi, recorded for prameha and for fevers.",preclinical,Long classical record; animal studies show lower glucose and better insulin sensitivity.,No good human trials for blood sugar; liver injury has been reported with some products.,Reported liver injury cases; avoid alongside other medicines that stress the liver.,hypoglycemic;hepatotoxic_risk,repo_abstract,"PMID 1529024 and PMID 19520137 (glycaemic, animal); the hepatotoxic_risk tag rests on published Indian case series and is general knowledge, not on an abstract in this corpus",false
Neem,type_2_diabetes,"Classical use of nimba as a bitter herb for prameha, skin disease and fevers.",preclinical,Long traditional use; animal work shows the leaf extract lowers blood glucose.,"Human evidence is absent; very bitter; the seed oil is toxic, especially to children.",Adds to sugar-lowering medicines; neem oil must never be given to infants or children.,hypoglycemic,repo_abstract,PMID 10617075; PMID 19389871,false
Aloe vera,type_2_diabetes,"Traditional use of ghritakumari gel for digestion, skin and metabolic complaints.",clinical,A randomised placebo-controlled trial reported lower blood glucose and cholesterol.,One small trial only; the bitter latex is a harsh laxative; gel quality varies widely.,Laxative latex can lower potassium; the gel adds to sugar-lowering medicines.,hypoglycemic;potassium_affecting,repo_abstract,PMID 22198821 (randomised double-blind placebo-controlled trial in type 2 diabetes),false
Moringa,type_2_diabetes,Traditional use of shigru leaf and pod as food and as a metabolic tonic.,preclinical,Nutritious leaf eaten as a vegetable; animal studies show better glucose tolerance.,Human evidence is limited; large amounts can loosen the stools.,May add to both sugar-lowering and blood-pressure-lowering medicines.,hypoglycemic;hypotensive,repo_abstract,PMID 26124050 and PMID 29175792 (glycaemic); blood-pressure tag from PMID 32412306,false
Garlic,type_2_diabetes,Classical use of lashuna as a warming herb for vata and circulatory complaints.,preclinical,Common food; animal studies report modest falls in blood glucose.,The effect on sugar is small and inconsistent in people; strong smell.,Raises bleeding risk with blood thinners; a documented warfarin interaction exists.,hypoglycemic;antiplatelet;hypotensive;cyp_inducer,repo_abstract,"PMID 16801983 (glycaemic); warfarin interaction curator-confirmed in this project (PMID 10675182, 19719333, 21919844)",false
Sarpagandha,hypertension,"Classical use of Indian snakeroot for raktagata vata and for unmada, mental agitation.",traditional,The best known classical Ayurvedic herb for high blood pressure.,"Causes marked drowsiness, slow pulse, nasal stuffiness and low mood.",Avoid if there is depression; adds strongly to blood-pressure and heart-rate-lowering medicines.,hypotensive;sedative;bradycardic,general_knowledge,"classical Ayurvedic materia medica for Rauvolfia serpentina, plus its well-established pharmacology; this project's abstract corpus holds no study of it",false
Arjuna,hypertension,"Classical use of arjuna bark for hridroga, the heart-disease group.",preclinical,Traditional cardiac tonic; animal work supports a cardiovascular effect.,Blood-pressure evidence in people is very limited and indirect.,May add to the effect of blood-pressure-lowering medicines.,hypotensive,repo_abstract,PMID 23001577; PMID 9505018,false
Punarnava,hypertension,"Classical use of punarnava as a diuretic for shotha, fluid swelling.",traditional,Long traditional record as a gentle diuretic where fluid is retained.,No human blood-pressure trials; the basis is tradition alone.,A diuretic effect can disturb fluid and potassium balance alongside heart medicines.,diuretic;potassium_affecting;hypotensive,general_knowledge,classical Ayurvedic materia medica for Boerhavia diffusa; this project's abstract corpus holds no cardiovascular study of it,false
Garlic,hypertension,Classical use of lashuna for circulatory complaints.,clinical,Food-grade herb; trials and reviews report a small fall in blood pressure.,The fall is modest; smell and stomach upset are common complaints.,Adds to blood-pressure medicines and raises bleeding risk with blood thinners.,hypotensive;antiplatelet;hypoglycemic;cyp_inducer,repo_abstract,PMID 11834913 (review of herbs and supplements in cardiovascular disease),false
Jatamansi,hypertension,Classical use of jatamansi as a calming herb for the mind and the heart.,traditional,"Traditional calming herb, used where tension and poor sleep drive blood pressure.",No human blood-pressure evidence; the record is mainly as a sedative.,Adds to drowsiness from other medicines and may add to blood-pressure lowering.,sedative;hypotensive,general_knowledge,classical Ayurvedic materia medica for Nardostachys jatamansi; this project's abstract corpus holds no cardiovascular study of it,false
Moringa,hypertension,Traditional use of shigru as food and as a metabolic tonic.,preclinical,Edible leaf; animal studies report lower blood pressure in metabolic syndrome models.,"No human blood-pressure trials, so the size of any effect is unknown.",May add to blood-pressure-lowering and sugar-lowering medicines.,hypotensive;hypoglycemic,repo_abstract,PMID 32412306; PMID 34700271,false
Arjuna,heart_failure,"Classical use of arjuna bark for hridroga, the heart-disease group.",clinical,A small clinical study in heart patients reported less angina and better heart function.,"Studies are small, old and unblinded, with no modern confirmation.",Never a replacement for prescribed heart-failure treatment; may add to blood-pressure lowering.,hypotensive,repo_abstract,PMID 9505018 (patients with post-infarction angina and ischaemic cardiomyopathy),false
Punarnava,heart_failure,"Classical use of punarnava for shotha, including the swelling of a failing heart.",traditional,Traditional diuretic for the leg swelling that accompanies a weak heart.,No clinical trials in heart failure; the basis is tradition alone.,"Diuretic effect can upset potassium and fluid balance, which matters with digoxin.",diuretic;potassium_affecting;hypotensive,general_knowledge,classical Ayurvedic materia medica for Boerhavia diffusa in shotha; this project's abstract corpus holds no heart-failure study of it,false
Arjuna,atrial_fibrillation,"Classical use of arjuna for hridroga, which includes palpitation.",traditional,Traditional cardiac tonic with some human cardiovascular study behind the plant.,Nothing has been studied in atrial fibrillation itself; no rhythm data exist.,Does not control heart rhythm; an irregular heartbeat needs assessment for stroke risk.,hypotensive,general_knowledge,"classical indication hridroga, which covers palpitation; this project's abstract corpus holds no atrial fibrillation study",false
Jatamansi,atrial_fibrillation,"Classical use of jatamansi for hrit-kampa, palpitation, as a calming cardiac herb.",traditional,Traditional calming herb specifically recorded for palpitation.,No human rhythm studies; the evidence is traditional only.,Does not treat atrial fibrillation or its stroke risk; may add to drowsiness.,sedative;hypotensive,general_knowledge,classical Ayurvedic materia medica for Nardostachys jatamansi in hrit-kampa; this project's abstract corpus holds no rhythm study of it,false
Garlic,venous_thromboembolism,Classical use of lashuna as a warming herb that moves the blood.,preclinical,Laboratory and animal work shows reduced platelet clumping.,No evidence that it prevents or treats a clot in people.,"Does not replace an anticoagulant; taken with one, bleeding risk rises markedly.",antiplatelet;hypotensive;hypoglycemic;cyp_inducer,repo_abstract,PMID 11834913 and PMID 13678230 (platelet and antithrombotic activity); warfarin interaction curator-confirmed in this project (PMID 10675182),false
Ginger,venous_thromboembolism,Classical use of ardraka for digestion and for vata disorders.,preclinical,Human platelet studies show gingerols reduce platelet aggregation in the laboratory.,No clinical evidence for preventing or treating a clot.,Does not replace an anticoagulant and may add to bleeding risk with blood thinners.,antiplatelet;hypoglycemic,repo_abstract,PMID 11553371; PMID 14693173,false
Turmeric,venous_thromboembolism,Classical use of haridra as an anti-inflammatory herb that moves the blood.,preclinical,Laboratory work shows curcuminoids inhibit platelet activation.,"No clinical clot evidence, and curcumin is poorly absorbed on its own.",Does not replace an anticoagulant; may add to bleeding risk and slow drug breakdown.,antiplatelet;cyp_inhibitor;pgp_modulator,repo_abstract,PMID 16112857; PMID 20158382,false
Arjuna,secondary_cardiovascular_prevention,Classical use of arjuna bark for hridroga.,clinical,A small study after heart attack reported less angina and better heart function.,"Small, old and unblinded, with no data on preventing further heart attacks.",Not a substitute for prescribed prevention; may add to blood-pressure lowering.,hypotensive,repo_abstract,PMID 9505018,false
Garlic,secondary_cardiovascular_prevention,Classical use of lashuna for circulatory complaints.,clinical,Reviews report small improvements in blood pressure and in cholesterol.,No proof that it prevents heart attacks or strokes; the effects are modest.,Raises bleeding risk alongside antiplatelet and anticoagulant medicines.,antiplatelet;hypotensive;hypoglycemic;cyp_inducer,repo_abstract,PMID 11834913,false
Guggul,secondary_cardiovascular_prevention,"Classical use of guggulu for medoroga, the fat and lipid disorder group.",traditional,"Long classical record for lipid disorders, with some older trials of a purified fraction.",Trial results conflict; it can cause rash and stomach upset.,May speed the breakdown of other medicines and can alter thyroid test results.,cyp_inducer;thyroid_affecting,general_knowledge,"classical Ayurvedic materia medica for Commiphora wightii in medoroga; this project's corpus holds only a multi-herb formulation abstract (PMID 13678230), not a guggul trial",false
Turmeric,secondary_cardiovascular_prevention,Classical use of haridra as an anti-inflammatory herb.,preclinical,Kitchen spice; laboratory work supports anti-inflammatory and antiplatelet actions.,"No outcome evidence in heart disease, and curcumin is poorly absorbed.",May add to bleeding risk and slow the breakdown of some heart medicines.,antiplatelet;cyp_inhibitor;pgp_modulator,repo_abstract,PMID 16112857; PMID 20158382,false
